{"cameraMode":{"drawMode":0,"name":"Shaded","section":"Shading Mode"},"sceneLighting":true,"audioPlay":false,"sceneViewState":{"m_AlwaysRefresh":false,"showFog":true,"showSkybox":true,"showFlares":true,"showImageEffects":true,"showParticleSystems":true,"showVisualEffectGraphs":true,"m_FxEnabled":true},"in2DMode":false,"pivot":{"x":-2.0456807613372804,"y":0.36152541637420657,"z":-5.95271110534668},"rotation":{"x":0.07936864346265793,"y":-0.03438291698694229,"z":0.002739272080361843,"w":0.9962464570999146},"size":4.946391582489014,"orthographic":false}